Year,Erwerbstätigenquote,Value
2010,Erwerbstätigenquote  (Anteil Alter 20-64 Jahre insgesamt),75.5
2011,Erwerbstätigenquote  (Anteil Alter 20-64 Jahre insgesamt),76.7
2012,Erwerbstätigenquote  (Anteil Alter 20-64 Jahre insgesamt),77.8
2013,Erwerbstätigenquote  (Anteil Alter 20-64 Jahre insgesamt),77.8
2014,Erwerbstätigenquote  (Anteil Alter 20-64 Jahre insgesamt),78.3
2015,Erwerbstätigenquote  (Anteil Alter 20-64 Jahre insgesamt),79.0
2016,Erwerbstätigenquote  (Anteil Alter 20-64 Jahre insgesamt),78.5
2017,Erwerbstätigenquote  (Anteil Alter 20-64 Jahre insgesamt),79.3
2018,Erwerbstätigenquote  (Anteil Alter 20-64 Jahre insgesamt),80.1
2019,Erwerbstätigenquote  (Anteil Alter 20-64 Jahre insgesamt),81.6
2020,Erwerbstätigenquote  (Anteil Alter 20-64 Jahre insgesamt),80.3
2021,Erwerbstätigenquote  (Anteil Alter 20-64 Jahre insgesamt),80.7
2022,Erwerbstätigenquote  (Anteil Alter 20-64 Jahre insgesamt),81.0
2023,Erwerbstätigenquote  (Anteil Alter 20-64 Jahre insgesamt),80.6
2024,Erwerbstätigenquote  (Anteil Alter 20-64 Jahre insgesamt),80.6
2010,Erwerbstätigenquote  (Anteil Alter 20-64 Jahre m),80.2
2011,Erwerbstätigenquote  (Anteil Alter 20-64 Jahre m),81.5
2012,Erwerbstätigenquote  (Anteil Alter 20-64 Jahre m),82.6
2013,Erwerbstätigenquote  (Anteil Alter 20-64 Jahre m),83.0
2014,Erwerbstätigenquote  (Anteil Alter 20-64 Jahre m),83.0
2015,Erwerbstätigenquote  (Anteil Alter 20-64 Jahre m),83.8
2016,Erwerbstätigenquote  (Anteil Alter 20-64 Jahre m),82.4
2017,Erwerbstätigenquote  (Anteil Alter 20-64 Jahre m),82.6
2018,Erwerbstätigenquote  (Anteil Alter 20-64 Jahre m),83.8
2019,Erwerbstätigenquote  (Anteil Alter 20-64 Jahre m),86.0
2020,Erwerbstätigenquote  (Anteil Alter 20-64 Jahre m),84.2
2021,Erwerbstätigenquote  (Anteil Alter 20-64 Jahre m),84.3
2022,Erwerbstätigenquote  (Anteil Alter 20-64 Jahre m),84.9
2023,Erwerbstätigenquote  (Anteil Alter 20-64 Jahre m),84.4
2024,Erwerbstätigenquote  (Anteil Alter 20-64 Jahre m),84.5
2010,Erwerbstätigenquote  (Anteil Alter 20-64 Jahre w),70.8
2011,Erwerbstätigenquote  (Anteil Alter 20-64 Jahre w),71.9
2012,Erwerbstätigenquote  (Anteil Alter 20-64 Jahre w),73.1
2013,Erwerbstätigenquote  (Anteil Alter 20-64 Jahre w),72.7
2014,Erwerbstätigenquote  (Anteil Alter 20-64 Jahre w),73.8
2015,Erwerbstätigenquote  (Anteil Alter 20-64 Jahre w),74.4
2016,Erwerbstätigenquote  (Anteil Alter 20-64 Jahre w),74.6
2017,Erwerbstätigenquote  (Anteil Alter 20-64 Jahre w),76.0
2018,Erwerbstätigenquote  (Anteil Alter 20-64 Jahre w),76.4
2019,Erwerbstätigenquote  (Anteil Alter 20-64 Jahre w),77.2
2020,Erwerbstätigenquote  (Anteil Alter 20-64 Jahre w),76.4
2021,Erwerbstätigenquote  (Anteil Alter 20-64 Jahre w),77.1
2022,Erwerbstätigenquote  (Anteil Alter 20-64 Jahre w),77.1
2023,Erwerbstätigenquote  (Anteil Alter 20-64 Jahre w),76.9
2024,Erwerbstätigenquote  (Anteil Alter 20-64 Jahre w),76.8
2010,Menschen mit Migrationshintergrund (Anteil Alter 20-64 Jahre insgesamt),63.6
2011,Menschen mit Migrationshintergrund (Anteil Alter 20-64 Jahre insgesamt),66.9
2012,Menschen mit Migrationshintergrund (Anteil Alter 20-64 Jahre insgesamt),69.8
2013,Menschen mit Migrationshintergrund (Anteil Alter 20-64 Jahre insgesamt),68.4
2014,Menschen mit Migrationshintergrund (Anteil Alter 20-64 Jahre insgesamt),67.4
2015,Menschen mit Migrationshintergrund (Anteil Alter 20-64 Jahre insgesamt),68.8
2016,Menschen mit Migrationshintergrund (Anteil Alter 20-64 Jahre insgesamt),65.4
2017,Menschen mit Migrationshintergrund (Anteil Alter 20-64 Jahre insgesamt),66.0
2018,Menschen mit Migrationshintergrund (Anteil Alter 20-64 Jahre insgesamt),68.2
2019,Menschen mit Migrationshintergrund (Anteil Alter 20-64 Jahre insgesamt),70.0
2020,Menschen mit Migrationshintergrund (Anteil Alter 20-64 Jahre insgesamt),69.0
2021,Menschen mit Migrationshintergrund (Anteil Alter 20-64 Jahre insgesamt),71.3
2022,Menschen mit Migrationshintergrund (Anteil Alter 20-64 Jahre insgesamt),71.5
2023,Menschen mit Migrationshintergrund (Anteil Alter 20-64 Jahre insgesamt),69.2
2024,Menschen mit Migrationshintergrund (Anteil Alter 20-64 Jahre insgesamt),69.6
2010,Menschen mit Migrationshintergrund (Anteil Alter 20-64 Jahre m),70.4
2011,Menschen mit Migrationshintergrund (Anteil Alter 20-64 Jahre m),73.0
2012,Menschen mit Migrationshintergrund (Anteil Alter 20-64 Jahre m),77.8
2013,Menschen mit Migrationshintergrund (Anteil Alter 20-64 Jahre m),77.4
2014,Menschen mit Migrationshintergrund (Anteil Alter 20-64 Jahre m),74.3
2015,Menschen mit Migrationshintergrund (Anteil Alter 20-64 Jahre m),77.0
2016,Menschen mit Migrationshintergrund (Anteil Alter 20-64 Jahre m),72.1
2017,Menschen mit Migrationshintergrund (Anteil Alter 20-64 Jahre m),70.1
2018,Menschen mit Migrationshintergrund (Anteil Alter 20-64 Jahre m),74.3
2019,Menschen mit Migrationshintergrund (Anteil Alter 20-64 Jahre m),76.8
2020,Menschen mit Migrationshintergrund (Anteil Alter 20-64 Jahre m),76.4
2021,Menschen mit Migrationshintergrund (Anteil Alter 20-64 Jahre m),77.6
2022,Menschen mit Migrationshintergrund (Anteil Alter 20-64 Jahre m),80.4
2023,Menschen mit Migrationshintergrund (Anteil Alter 20-64 Jahre m),77.3
2024,Menschen mit Migrationshintergrund (Anteil Alter 20-64 Jahre m),76.8
2010,Menschen mit Migrationshintergrund (Anteil Alter 20-64 Jahre w),57.2
2011,Menschen mit Migrationshintergrund (Anteil Alter 20-64 Jahre w),61.2
2012,Menschen mit Migrationshintergrund (Anteil Alter 20-64 Jahre w),62.5
2013,Menschen mit Migrationshintergrund (Anteil Alter 20-64 Jahre w),60.0
2014,Menschen mit Migrationshintergrund (Anteil Alter 20-64 Jahre w),61.0
2015,Menschen mit Migrationshintergrund (Anteil Alter 20-64 Jahre w),60.9
2016,Menschen mit Migrationshintergrund (Anteil Alter 20-64 Jahre w),58.2
2017,Menschen mit Migrationshintergrund (Anteil Alter 20-64 Jahre w),61.5
2018,Menschen mit Migrationshintergrund (Anteil Alter 20-64 Jahre w),61.4
2019,Menschen mit Migrationshintergrund (Anteil Alter 20-64 Jahre w),62.8
2020,Menschen mit Migrationshintergrund (Anteil Alter 20-64 Jahre w),61.2
2021,Menschen mit Migrationshintergrund (Anteil Alter 20-64 Jahre w),64.9
2022,Menschen mit Migrationshintergrund (Anteil Alter 20-64 Jahre w),62.3
2023,Menschen mit Migrationshintergrund (Anteil Alter 20-64 Jahre w),61.0
2024,Menschen mit Migrationshintergrund (Anteil Alter 20-64 Jahre w),62.3
